1,Shirlene,Brosi,Bigender,Roissy Charles-de-Gaulle,France
2,Gregorius,Fish,Genderfluid,Sacramento,United States
3,Tamarah,Brydone,Male,Sannois,France
4,Imojean,Bowlands,Genderfluid,Chilly-Mazarin,France
5,Stafford,Ryley,Genderqueer,Aubagne,France
6,Daniela,Eary,Agender,Lucé,France
7,Carmon,Hemphrey,Bigender,Arras,France
8,Mari,Witherow,Non-binary,Los Angeles,United States
9,Wiley,Quinsee,Genderqueer,Omaha,United States
10,Cher,Stanislaw,Male,Columbus,United States
11,Justen,Hammell,Non-binary,London,United Kingdom
12,Martha,Shoulders,Genderfluid,Flushing,United States
13,Phyllida,Dennis,Polygender,Dallas,United States
14,Ahmad,Kamena,Genderqueer,Albertville,France
15,Darcie,St. Queintain,Bigender,Tullich,United Kingdom
16,Stern,Melville,Agender,Allentown,United States
17,Jany,Ricciardo,Polygender,Saint-Chamond,France
18,Louie,Zealy,Bigender,Ogden,United States
19,Zollie,Van Hault,Genderqueer,Saint-Priest,France
20,Tresa,Gringley,Genderqueer,Annapolis,United States
21,Melisandra,Godson,Non-binary,Birmingham,United Kingdom
22,Janeta,Clissell,Male,Colorado Springs,United States
23,Wileen,Halksworth,Agender,Sioux Falls,United States
24,Carrie,Kingstne,Agender,Tampa,United States
25,Estrellita,Crooke,Bigender,Charlotte,United States
26,Jourdan,Kiffin,Genderfluid,Saint-Gratien,France
27,Ileane,Ilsley,Female,Fairbanks,United States
28,Pia,Resun,Bigender,Châlons-en-Champagne,France
29,Alessandra,Bonallick,Male,Châteauroux,France
30,Patricia,Anstead,Bigender,Saint Louis,United States
31,Mick,Hazard,Agender,Round Rock,United States
32,Lu,Kadwallider,Female,Phoenix,United States
33,Robenia,Manshaw,Female,Nanterre,France
34,Preston,Flucker,Male,El Paso,United States
35,Caprice,Brunet,Genderqueer,Ajaccio,France
36,Romain,Spira,Polygender,Milwaukee,United States
37,Anabella,Layman,Male,Irvine,United States
38,Nelly,MacLice,Male,Tournan-en-Brie,France
39,Allix,Lawes,Non-binary,Sunnyvale,United States
40,Abbe,Normant,Male,Dijon,France
41,Rusty,Kelledy,Male,Moulins,France
42,Terence,Pittoli,Non-binary,Frontignan,France
43,Federica,Duberry,Polygender,Marseille,France
44,Rosanna,Dunmore,Genderfluid,Moulins,France
45,Dolli,Fenna,Polygender,La Chapelle-sur-Erdre,France
46,Hatti,Priestnall,Non-binary,Mesquite,United States
47,Quinton,Chazelle,Non-binary,Le Havre,France
48,Pedro,Paula,Non-binary,Las Vegas,United States
49,Deeyn,Scully,Bigender,Harrisburg,United States
50,Con,Danson,Male,Oyonnax,France
51,Anabella,Whorton,Agender,Villefontaine,France
52,Amanda,Scoggan,Genderqueer,Dieppe,France
53,Farra,Bucher,Bigender,Paris 15,France
54,Marchall,Nijssen,Polygender,Annecy,France
55,Pinchas,Hallut,Polygender,Los Angeles,United States
56,Kassey,Feaveer,Genderfluid,Toulouse,France
57,Conny,Whisby,Genderqueer,Massy,France
58,Corina,Spier,Bigender,Rivesaltes,France
59,Casper,Fisk,Genderfluid,Bielefeld,Germany
60,Nerta,Stanborough,Bigender,Bordeaux,France
61,Tobye,Grushin,Agender,Cannes,France
62,Dorine,Normaville,Genderfluid,Conroe,United States
63,Anica,Zealey,Bigender,Lorient,France
64,Josiah,Moorfield,Female,Sacramento,United States
65,Jon,Thomazin,Non-binary,Ivry-sur-Seine,France
66,Darrelle,Ifill,Male,Richmond,United States
67,Tann,Tregensoe,Genderqueer,Paris 02,France
68,Valli,Scandrite,Genderfluid,Orléans,France
69,Paco,Stegel,Bigender,Blois,France
70,Caitlin,Boor,Bigender,London,United States
71,Shena,Kornalik,Genderfluid,Rungis,France
72,Mordy,Songhurst,Agender,Dallas,United States
73,Etheline,Pherps,Genderqueer,Digne-les-Bains,France
74,Alyce,Beales,Genderqueer,Guyancourt,France
75,Randi,Ginner,Polygender,Saint-Dizier,France
76,Edi,Setford,Genderqueer,Provo,United States
77,Nicolais,Tritton,Female,Nanterre,France
78,Briney,Smaling,Genderfluid,Lyon,France
79,Foss,McCrow,Polygender,Billère,France
80,Yoshi,Bolton,Non-binary,Saint Paul,United States
81,Bobby,Vanyukov,Bigender,Marcq-en-Barœul,France
82,Fax,Jeenes,Non-binary,Carson City,United States
83,Lucio,Mardling,Genderfluid,Grand Junction,United States
84,Belia,Arnow,Non-binary,Baton Rouge,United States
85,Egan,Hurdman,Genderfluid,Houston,United States
86,Pepi,Druhan,Female,Mobile,United States
87,Burch,Prettjohn,Male,El Paso,United States
88,Jaquenetta,Epinay,Male,Toledo,United States
89,Hillie,Lemary,Female,Saint-Pierre-Montlimart,France
90,Grantley,Lydford,Non-binary,Montreuil,France
91,Quillan,Nolot,Genderqueer,Tucson,United States
92,Mac,Runacres,Polygender,Melbourne,United States
93,Moina,Buncher,Male,Akron,United States
94,Annadiane,McNirlan,Female,Saint-Étienne-du-Rouvray,France
95,Napoleon,Daintith,Male,Cincinnati,United States
96,Kristy,Jiroudek,Agender,Port Washington,United States
97,Eugenie,Alejandri,Non-binary,Bagneux,France
98,Karrah,Headech,Genderqueer,Paris 11,France
99,Philbert,Petrusch,Non-binary,Los Angeles,United States
100,Paloma,Ogglebie,Genderfluid,Berlin,Germany
101,Erasmus,Donan,Male,Oceanside,United States
102,Chicky,Snartt,Female,Paris 08,France
103,Brian,Avraham,Agender,Labège,France
104,Prisca,Clerke,Male,Paris 17,France
105,Talbert,Harbinson,Agender,Nancy,France
106,Baron,Fitzharris,Bigender,Pentre,United Kingdom
107,Clare,Annon,Male,Quimper,France
108,Kiersten,Johnstone,Bigender,Aix-en-Provence,France
109,Gail,Normanvill,Female,Washington,United States
110,Rock,Lahrs,Non-binary,Carlsbad,United States
111,Julienne,Togher,Genderfluid,Colombes,France
112,Dulcinea,Jovasevic,Male,London,United Kingdom
113,Wye,Billam,Genderfluid,Saint-Brieuc,France
114,Benton,Sprull,Bigender,Ludwigshafen am Rhein,Germany
115,Enoch,Loosley,Agender,Newton,United States
116,Zollie,Birchner,Agender,Toulouse,France
117,Dougy,Poleye,Non-binary,Aubervilliers,France
118,Florry,Aldin,Non-binary,Wasquehal,France
119,Wade,Burles,Genderqueer,Marseille,France
120,Launce,Humpage,Genderfluid,Great Neck,United States
121,Lurleen,Dorin,Bigender,Witzenhausen,Germany
122,Thaddus,Bauduccio,Female,Pontarlier,France
123,Marielle,Willacot,Male,Rueil-Malmaison,France
124,Vivie,Dine-Hart,Genderfluid,Fresno,United States
125,Amandie,Hardingham,Female,Cannes,France
126,Marthena,Bushell,Polygender,Dunkerque,France
127,Misti,Worley,Genderqueer,Créteil,France
128,Anya,Cutill,Polygender,La Roche-sur-Yon,France
129,Rory,Kilvington,Agender,Chilly-Mazarin,France
130,Brigitte,Godon,Bigender,Lorient,France
131,Ludwig,Blaskett,Genderfluid,Freiburg im Breisgau,Germany
132,Darcie,Botcherby,Bigender,Nîmes,France
133,Verena,Elcoat,Genderqueer,Paris La Défense,France
134,Dougy,Spedroni,Bigender,Austin,United States
135,Daffie,Wolsey,Polygender,Paris 02,France
136,Carolina,Rowden,Female,Paris 11,France
137,Kipper,Vanner,Male,Chambéry,France
138,Elset,Ipplett,Male,Indianapolis,United States
139,Jordanna,Kolakovic,Genderqueer,Charlotte,United States
140,Cortie,Coudray,Bigender,Washington,United States
141,Vicki,Karslake,Non-binary,Le Puy-en-Velay,France
142,Baudoin,Bentick,Female,Chicago,United States
143,Oona,Wickerson,Polygender,Lescar,France
144,Katti,Youell,Bigender,Greensboro,United States
145,Steffane,Moffat,Agender,Seattle,United States
146,Bathsheba,Karadzas,Female,Albuquerque,United States
147,Kordula,Heater,Bigender,Toulon,France
148,Burke,Geffe,Genderfluid,Oyonnax,France
149,Ax,MacKerley,Agender,Newbiggin,United Kingdom
150,Zsa zsa,Whiting,Polygender,Évreux,France
151,Aeriela,Spinnace,Non-binary,Oklahoma City,United States
152,Mag,McTaggart,Female,Jamaica,United States
153,Skipper,Shakspeare,Non-binary,Roissy Charles-de-Gaulle,France
154,Kalli,Bittlestone,Genderfluid,Houston,United States
155,Justis,Antrobus,Genderfluid,Laurel,United States
156,Paten,Pepis,Bigender,Rochester,United States
157,Mercedes,Goalby,Polygender,Garland,United States
158,Karine,McClenaghan,Polygender,Washington,United States
159,Eba,Drinkall,Polygender,Tucson,United States
160,Danika,Fulker,Female,Detroit,United States
161,Benedicta,Laurenzi,Female,Troyes,France
162,Kinnie,Hugill,Genderfluid,Cluses,France
163,Meir,Crossby,Non-binary,Fort Wayne,United States
164,Ealasaid,Suthren,Genderfluid,Paris 10,France
165,Elie,Ableson,Male,Valenciennes,France
166,Edi,Keizman,Bigender,Salt Lake City,United States
167,Dane,Spurriar,Male,Sioux Falls,United States
168,Neille,Skeates,Female,Le Cannet,France
169,Korella,Aspinell,Non-binary,Cincinnati,United States
170,Minne,Dakhno,Bigender,Clermont-Ferrand,France
171,Catriona,Ewen,Female,Springfield,United States
172,Spence,Parsonage,Genderqueer,Conroe,United States
173,Amitie,Carrett,Bigender,Goussainville,France
174,Melvin,Cofax,Genderfluid,Grenoble,France
175,Andrej,Greenfield,Genderqueer,Tournan-en-Brie,France
176,Cully,Mitrovic,Non-binary,Béthune,France
177,Marten,Gurry,Agender,Melun,France
178,Brandon,Speck,Polygender,Limoges,France
179,Micki,Ellum,Agender,Bordeaux,France
180,Anatollo,Grenshiels,Agender,Boise,United States
181,Piper,Louw,Agender,Amiens,France
182,Karylin,Pothecary,Agender,Greensboro,United States
183,Reamonn,Shutle,Agender,Domont,France
184,Marie,Alenichicov,Non-binary,Thiers,France
185,Waylen,Woodham,Polygender,Yonkers,United States
186,Kiah,Saltern,Bigender,Berlin,Germany
187,Spencer,Offell,Female,Vineuil,France
188,Bunny,Chitham,Agender,Springfield,United States
189,Janel,Hardes,Female,Mantes-la-Jolie,France
190,Ferris,Smeall,Genderqueer,Domont,France
191,Nevin,Sallows,Non-binary,Marseille,France
192,Petronilla,Wonfar,Agender,Gif-sur-Yvette,France
193,Holly,Perris,Polygender,Aurillac,France
194,Birgitta,Cuesta,Bigender,Stuttgart Stuttgart-Mitte,Germany
195,Alene,Roussell,Genderqueer,Tours,France
196,Isidro,Porkiss,Non-binary,Berlin,Germany
197,Ailbert,Queripel,Polygender,Calais,France
198,Niel,Gwatkin,Genderqueer,Saint-Lô,France
199,Bucky,Condie,Polygender,Bourges,France
200,Mireille,Sambiedge,Polygender,Villefontaine,France
201,Sylvia,Manske,Male,Syracuse,United States
202,Simonette,Marginson,Female,Baton Rouge,United States
203,Tobey,Webland,Polygender,Villeneuve-la-Garenne,France
204,Marcille,Opie,Non-binary,Delray Beach,United States
205,Adelice,Eilhertsen,Non-binary,Cergy-Pontoise,France
206,Merilee,Sainthill,Bigender,Young America,United States
207,Zachariah,Aldis,Bigender,Orléans,France
208,Gilbert,Tothe,Agender,Cran-Gevrier,France
209,Noreen,Emmitt,Agender,Castelnaudary,France
210,Chrystel,Showering,Male,Little Rock,United States
211,Simone,Moorhead,Female,Noyon,France
212,Cherey,Clewley,Polygender,Villeurbanne,France
213,Emeline,Wessel,Genderfluid,Sophia Antipolis,France
214,Allen,Bullion,Polygender,Tours,France
215,Romain,Gegg,Genderqueer,El Paso,United States
216,Wait,Maasz,Female,Topeka,United States
217,Benedicto,Wileman,Female,Grenoble,France
218,Skippie,Gercken,Non-binary,Pittsburgh,United States
219,Stephana,Greader,Female,Tarascon,France
220,Agnella,Henker,Genderqueer,Paris 02,France
221,Gabriele,Creaney,Polygender,Le Havre,France
222,Tish,Loveard,Non-binary,Carlsbad,United States
223,Erastus,Heyworth,Agender,Denton,United Kingdom
224,Jacklin,Robardet,Bigender,Baltimore,United States
225,Ricca,Earwicker,Non-binary,Youngstown,United States
226,Kerri,Dubery,Polygender,Boulogne-Billancourt,France
227,Verile,Lake,Genderqueer,Merton,United Kingdom
228,Lesli,Waterland,Female,Dammarie-les-Lys,France
229,Perice,MacDearmid,Female,Topeka,United States
230,Worthy,Garr,Agender,East End,United Kingdom
231,Keary,Lisciardelli,Polygender,Denver,United States
232,Peggy,Maymond,Agender,Montgomery,United States
233,Kassie,Jordeson,Genderqueer,Amiens,France
234,Loleta,Santacrole,Female,Grand Junction,United States
235,Breanne,Derrington,Non-binary,Paris 15,France
236,Mord,Rains,Polygender,San Rafael,United States
237,Lanette,Ainscough,Genderqueer,Paris 08,France
238,Marlie,Novichenko,Female,Flushing,United States
239,Zerk,Shalcras,Male,Louisville,United States
240,Merridie,Olorenshaw,Male,Vierzon,France
241,Lusa,Lockyear,Female,Mannheim,Germany
242,Nevil,Allaway,Agender,Nantes,France
243,Riki,Hacaud,Bigender,Köln,Germany
244,Addia,Pomfret,Bigender,Mobile,United States
245,Adlai,Biasini,Genderqueer,Pittsburgh,United States
246,Saunders,Steuhlmeyer,Genderfluid,Huntsville,United States
247,Julius,Getcliff,Male,Dijon,France
248,Cassi,Anchor,Agender,Dillenburg,Germany
249,Hannie,McCaffrey,Genderfluid,Tourcoing,France
250,Austine,Shardlow,Bigender,Dijon,France
251,Sandye,Venneur,Bigender,Humble,United States
252,Demeter,Courtin,Bigender,Brest,France
253,Corey,Matushevitz,Agender,Bourges,France
254,Frederic,McKinn,Genderqueer,Hamburg,Germany
255,Alf,MacMillan,Bigender,New York City,United States
256,Dickie,Flatte,Agender,Bradford,United Kingdom
257,Lavina,Bente,Bigender,Toulouse,France
258,Leonidas,Laise,Bigender,Futuroscope,France
259,Adella,Crossgrove,Bigender,Créteil,France
260,Hilarius,Ephson,Female,San Jose,United States
261,Allyn,Strooband,Genderqueer,Limoges,France
262,Elias,Ramirez,Non-binary,La Tour-du-Pin,France
263,Lana,Fogarty,Female,Courtaboeuf,France
264,Van,Davidy,Genderqueer,Marne-la-Vallée,France
265,Crista,Farrand,Male,Lille,France
266,Mela,Scallon,Agender,West Palm Beach,United States
267,Laure,Caffery,Male,Roanoke,United States
268,Genny,Chamberlin,Female,Orléans,France
269,Gerrie,Bennett,Bigender,Louisville,United States
270,Stefania,Bunyard,Genderqueer,Montgomery,United States
271,Timofei,Perillo,Genderqueer,Montluçon,France
272,Jedd,Skeemer,Female,Auch,France
273,Concordia,Leavens,Bigender,Brive-la-Gaillarde,France
274,Ashely,Bleckly,Agender,Hamm,Germany
275,Bendite,Drexel,Bigender,Aix-en-Provence,France
276,Barbey,Mish,Bigender,Lubbock,United States
277,Channa,Pesak,Genderfluid,San Jose,United States
278,Guglielmo,Merrifield,Bigender,Avranches,France
279,Fannie,Roycroft,Polygender,El Paso,United States
280,Osborn,Carlyle,Non-binary,New York City,United States
281,Cello,Lougheed,Male,Saint Louis,United States
282,Burgess,FitzAlan,Genderqueer,Charenton-le-Pont,France
283,Melisandra,Busek,Non-binary,Odessa,United States
284,Meredith,Fossett,Polygender,Jackson,United States
285,Dasha,Melby,Bigender,Wissous,France
286,Esma,Ray,Genderqueer,Saint-Priest,France
287,Doyle,Doudney,Genderqueer,Beaune,France
288,Chrissie,Tuffin,Genderfluid,Lagny-sur-Marne,France
289,Corly,McGinly,Genderqueer,Washington,United States
290,Yovonnda,Pashler,Bigender,Detroit,United States
291,Pattie,Abbie,Male,Paris 18,France
292,Silvia,Carek,Male,Newport,United Kingdom
293,Jeanette,Harrell,Female,Bonneville,France
294,Alfie,Eliasson,Genderfluid,Évry,France
295,Chrisy,Daintith,Polygender,Houston,United States
296,Ly,Renad,Male,Marseille,France
297,Eli,Schankel,Male,San Diego,United States
298,Vivia,Messent,Non-binary,Montfavet,France
299,Stanley,Parsell,Bigender,Cottbus,Germany
300,Hesther,Butterick,Female,Chemnitz,Germany
301,Rey,Turnock,Male,Pensacola,United States
302,Giselle,Booy,Genderfluid,Cergy-Pontoise,France
303,Papagena,Bracer,Genderqueer,Courbevoie,France
304,Madison,Marston,Non-binary,Lyon,France
305,Ethelbert,Matz,Genderqueer,Saint-Quentin-en-Yvelines,France
306,Zerk,Le Ball,Bigender,Pau,France
307,Horacio,Attewill,Bigender,Montgomery,United States
308,Maggee,Comelli,Genderfluid,Lyon,France
309,Stepha,Budcock,Bigender,Chesapeake,United States
310,Helga,Fruish,Genderfluid,Bastia,France
311,Sybilla,Wardlow,Male,Greensboro,United States
312,Rory,Trafford,Genderqueer,Leipzig,Germany
313,Silvie,Firmager,Bigender,Montreuil,France
314,Hedwig,Trustrie,Genderfluid,Paris 15,France
315,Randolph,Barnsdall,Polygender,Strasbourg,France
316,Murial,Staddom,Bigender,Largo,United States
317,Garey,Probbin,Polygender,Valence,France
318,Jennilee,Fuller,Male,Évreux,France
319,Juline,Whate,Genderqueer,Ashley,United Kingdom
320,Kerrie,Minet,Non-binary,Caen,France
321,Curtis,Currom,Bigender,Herne,Germany
322,Aili,Houldin,Female,Buckland,United Kingdom
323,Anna-diana,Duferie,Bigender,Shreveport,United States
324,Nicoli,Reinhard,Female,Strasbourg,France
325,Opaline,Hudless,Male,Longwy,France
326,Horace,Mechic,Polygender,Paris 12,France
327,Cilka,Urch,Non-binary,Vancouver,United States
328,Lia,Gofforth,Agender,Saint-Quentin-en-Yvelines,France
329,Jessy,Wollaston,Genderfluid,Grand Rapids,United States
330,Halimeda,Rivard,Genderfluid,Brest,France
331,Cheston,Biggen,Non-binary,Houston,United States
332,Ly,Chelam,Genderfluid,Troyes,France
333,Marj,Martinelli,Bigender,Sutton,United Kingdom
334,Carlye,Schreurs,Bigender,Saint Paul,United States
335,Leontine,Gilphillan,Genderqueer,San Rafael,United States
336,Jodi,Itzkowicz,Female,Rochester,United States
337,Nessa,De Andreis,Female,Lyon,France
338,Tammie,Tome,Agender,Saint-Brieuc,France
339,Tonya,Fortun,Bigender,Fort Pierce,United States
340,Vanda,Kiddie,Bigender,Minneapolis,United States
341,Randell,Prestige,Male,Anchorage,United States
342,Dede,Pavyer,Agender,Quimper,France
343,Jayson,Staten,Male,Roubaix,France
344,Buffy,Slocombe,Male,Floirac,France
345,Lisette,Yeskov,Genderqueer,Montpellier,France
346,Ula,Sollis,Genderqueer,Phoenix,United States
347,Peyton,Craufurd,Genderqueer,Hagerstown,United States
348,Shalne,Corrao,Non-binary,Meylan,France
349,Whittaker,Grendon,Polygender,Ashley,United Kingdom
350,Dierdre,Westley,Female,Montigny-lès-Metz,France
351,Bertina,Dreher,Genderqueer,Wissembourg,France
352,Chilton,Ambrois,Genderfluid,Wetzlar,Germany
353,Prudence,Mugleston,Non-binary,Marseille,France
354,Charley,Mawditt,Non-binary,Kiel,Germany
355,Beret,MacKnight,Genderfluid,Virginia Beach,United States
356,Corine,Allsobrook,Bigender,Rungis,France
357,Darell,Andri,Non-binary,Orange,France
358,Silvanus,Mattiassi,Genderfluid,Arras,France
359,Elfrida,Gerard,Polygender,Paris 18,France
360,Rosalynd,Gerson,Bigender,Lubbock,United States
361,Kathryn,Scawton,Bigender,Jamaica,United States
362,Renault,Fidgin,Non-binary,Limoges,France
363,Ingmar,Somerset,Bigender,Quimper,France
364,Herve,Gabbott,Male,Miribel,France
365,Riordan,Cracoe,Non-binary,Saint-Gaudens,France
366,Alie,Dymott,Bigender,Charlotte,United States
367,Nora,Jeffs,Agender,Fort Myers,United States
368,Rori,Flaubert,Male,Sacramento,United States
369,Marketa,Woolfitt,Bigender,Hénin-Beaumont,France
370,Iosep,Iacopetti,Agender,Orléans,France
371,Sasha,Bottoner,Agender,Washington,United States
372,Gianni,Knowles,Polygender,Brest,France
373,Dulcine,Cornehl,Genderfluid,Boissy-Saint-Léger,France
374,Gus,Adolfson,Agender,Dallas,United States
375,Emelita,Brompton,Bigender,Auxerre,France
376,Griswold,Gaudin,Agender,Charleston,United States
377,Hyacinthie,Roget,Male,Knoxville,United States
378,Gerhardine,Harome,Male,Atlanta,United States
379,Lukas,Birnie,Polygender,Hannover,Germany
380,Jarrett,Forster,Agender,London,United Kingdom
381,Torry,Dumbreck,Genderqueer,Saverne,France
382,Roth,Gatus,Male,Perpignan,France
383,Rachael,Lenham,Agender,Paris 16,France
384,Norry,Woodwin,Female,Nantes,France
385,Pippy,Bullene,Female,Nantes,France
386,Malory,Passie,Non-binary,Belfast,United Kingdom
387,Ollie,Meadowcraft,Polygender,Saint Louis,United States
388,Gustavo,Hadkins,Female,New Bedford,United States
389,Bernard,Gelderd,Female,Little Rock,United States
390,Halimeda,Stirzaker,Agender,Philadelphia,United States
391,Chet,Peron,Female,Denver,United States
392,Hastings,Hallbord,Male,Brooklyn,United States
393,Hy,MacGiolla,Female,El Paso,United States
394,Bastian,Hyndson,Bigender,Chandler,United States
395,Wesley,de Merida,Non-binary,Fort Worth,United States
396,Penelopa,Kobes,Agender,Toulouse,France
397,Nicol,McInility,Polygender,Marseille,France
398,Toddie,Devey,Male,Las Vegas,United States
399,Paco,Huffer,Agender,Sutton,United Kingdom
400,Egbert,Blinkhorn,Male,Besançon,France
401,Robers,Berrick,Bigender,München,Germany
402,Kimberlyn,Cogswell,Polygender,Louisville,United States
403,Mavis,McKirdy,Non-binary,Champaign,United States
404,Thia,Summerlie,Female,Cergy-Pontoise,France
405,Bryan,Robilart,Male,Balma,France
406,Derk,Errington,Genderfluid,Perpignan,France
407,Hurley,Balle,Bigender,Merton,United Kingdom
408,Linette,Jehu,Agender,Lorient,France
409,Danella,Skrine,Non-binary,Lyon,France
410,Cristen,Barff,Polygender,Mülheim an der Ruhr,Germany
411,Adore,Dearness,Bigender,Nîmes,France
412,Gabi,Hardage,Polygender,Austin,United States
413,Cully,Coster,Genderqueer,Portet-sur-Garonne,France
414,Rodrick,Heathfield,Bigender,Saint-Grégoire,France
415,Mord,Fursse,Polygender,Fargo,United States
416,Sander,Dyche,Bigender,Carcassonne,France
417,Chuck,Willisch,Non-binary,Lagny-sur-Marne,France
418,Demeter,Ramel,Genderqueer,Köln,Germany
419,Grenville,Alliott,Male,Round Rock,United States
420,Geraldine,Hawkeridge,Genderfluid,Amarillo,United States
421,Nita,Binch,Genderfluid,San Jose,United States
422,Christel,Handscomb,Male,Washington,United States
423,Tiffi,Bedingfield,Female,La Valette-du-Var,France
424,Marcellus,Gilardengo,Agender,Brive-la-Gaillarde,France
425,Jules,Cauderlie,Male,Saint-Jean-de-Braye,France
426,Borden,Oldfield,Male,Créteil,France
427,Emmye,Matashkin,Genderqueer,Buffalo,United States
428,Magdaia,Anetts,Agender,Bordeaux,France
429,Collin,Dibson,Agender,Nîmes,France
430,Yasmeen,Ledford,Female,Vincennes,France
431,Gottfried,Bullocke,Genderqueer,Poitiers,France
432,Corrinne,Chattelaine,Non-binary,Paris 13,France
433,Lyssa,Rickert,Male,Orléans,France
434,Abie,Daulton,Genderfluid,Wissembourg,France
435,Ewart,Maskew,Bigender,Santa Ana,United States
436,Clem,Castledine,Polygender,Paris 17,France
437,Hurlee,Davidesco,Agender,Lons-le-Saunier,France
438,Minny,Maddy,Female,Monticello,United States
439,Gerri,Rentilll,Female,Flers,France
440,Tyrone,Pickthorn,Polygender,Wichita,United States
441,Even,Wallsworth,Non-binary,Le Raincy,France
442,Abie,Leiden,Bigender,Little Rock,United States
443,Web,Harefoot,Polygender,Paris 15,France
444,Hubie,Eaddy,Bigender,Wuppertal,Germany
445,Barton,Dikle,Genderfluid,Dijon,France
446,Blinny,Smiley,Polygender,Lille,France
447,Philomena,Marval,Polygender,Paris 09,France
448,Neile,Muncer,Female,Pueblo,United States
449,Domeniga,Schulke,Male,Massy,France
450,Terza,Harsent,Female,Soisy-sous-Montmorency,France
451,Annice,Bolter,Female,Rennes,France
452,Erastus,Pighills,Female,Lyon,France
453,Romola,Lenoir,Polygender,Berlin,Germany
454,Angel,Beane,Polygender,Baltimore,United States
455,Blondell,Uc,Genderqueer,Houston,United States
456,Hillie,Tangye,Genderfluid,Fort Wayne,United States
457,Stephine,Hallgalley,Genderfluid,Chicago,United States
458,Schuyler,Baulch,Female,Orlando,United States
459,Chrystel,Trahar,Genderqueer,Silver Spring,United States
460,Claudian,Rhucroft,Agender,Dallas,United States
461,Bertha,Rope,Male,Newton,United Kingdom
462,Somerset,Duffil,Genderfluid,Paris 06,France
463,Cally,Jagiello,Bigender,Nîmes,France
464,Ragnar,Schurig,Female,Anniston,United States
465,Arlan,Sibthorp,Non-binary,Johnson City,United States
466,Mitchell,Le Fevre,Genderfluid,Pantin,France
467,Hewitt,Lyptrit,Polygender,Paris 11,France
468,Millisent,Noddle,Female,Fort Worth,United States
469,Abigael,Guerro,Male,Royan,France
470,Josiah,Jolliff,Polygender,Paris 14,France
471,Roberto,Niche,Male,Nogent-sur-Marne,France
472,Ardeen,Binden,Genderqueer,Berlin,Germany
473,Aidan,Mealing,Male,Hartford,United States
474,Austen,Brasener,Genderqueer,Los Angeles,United States
475,Marje,Brewis,Bigender,Fort Wayne,United States
476,Edita,Corringham,Bigender,Pasadena,United States
477,Peyton,Klauber,Genderqueer,Tulsa,United States
478,Correy,Donaldson,Bigender,Van Nuys,United States
479,Michel,Dyble,Polygender,Columbus,United States
480,Ole,O'Kieran,Bigender,Montfavet,France
481,Sibyl,Kibble,Bigender,Tours,France
482,Alisa,Endrighi,Non-binary,Brooklyn,United States
483,Micaela,Hubbucke,Genderfluid,New Orleans,United States
484,Benny,McMaster,Non-binary,Chantepie,France
485,Gilbertina,Drinkhall,Genderfluid,Sélestat,France
486,Darryl,Lambirth,Genderfluid,Düsseldorf,Germany
487,Pattin,Davers,Bigender,Garland,United States
488,Clarine,Revie,Agender,Lille,France
489,Alonzo,Heaffey,Non-binary,Noyon,France
490,Tynan,Turn,Genderqueer,Le Grand-Quevilly,France
491,Ofella,Phinn,Genderfluid,Carcassonne,France
492,Kristoforo,Wellings,Genderqueer,Lyon,France
493,Eddie,Brito,Bigender,Dijon,France
494,Karney,Derisly,Non-binary,Philadelphia,United States
495,Brantley,Tripcony,Female,Paris La Défense,France
496,Jeromy,Kibbe,Non-binary,Memphis,United States
497,Cherin,Guild,Bigender,Houilles,France
498,Rosemonde,Halward,Male,Denver,United States
499,Romona,Creamen,Genderfluid,La Talaudière,France
500,Diahann,Jenkins,Non-binary,Brest,France
501,Bridie,Caulder,Genderqueer,Inglewood,United States
502,Helli,Grigoryev,Genderqueer,Corbeil-Essonnes,France
503,Morey,Rorke,Genderfluid,Paris 15,France
504,Issi,Mitro,Male,Rennes,France
505,Giavani,Baggs,Bigender,Évry,France
506,Glenine,Harnetty,Genderqueer,Paris La Défense,France
507,Hiram,Jellis,Bigender,Bourg-en-Bresse,France
508,Garrek,Meneur,Male,Houston,United States
509,Lief,Grocutt,Non-binary,Strasbourg,France
510,Dyanne,Skidmore,Agender,Oakland,United States
511,Wat,Jacqueminet,Genderqueer,Sotteville-lès-Rouen,France
512,Christin,Pairpoint,Male,Bordeaux,France
513,Angel,Dive,Female,Tyler,United States
514,Isadora,Chue,Polygender,Lyon,France
515,Aveline,Bonnesen,Non-binary,Issoire,France
516,Atlanta,Latham,Agender,Vitry-sur-Seine,France
517,Hillier,Leigh,Female,Paris 11,France
518,Juline,Weatherhead,Non-binary,Bordeaux,France
519,Teresita,Semarke,Polygender,Nantes,France
520,Tamqrah,Tiddy,Genderfluid,Tyler,United States
521,Celestina,Rosenzwig,Agender,Denver,United States
522,Archibold,Hatch,Genderfluid,Hartford,United States
523,Carr,McNicol,Female,Obernai,France
524,Marjy,Lawlings,Bigender,Brooklyn,United States
525,Ciro,Lidgerton,Female,Issoire,France
526,Salmon,Walklate,Bigender,Rennes,France
527,Tess,Andrzejak,Polygender,Craigavon,United Kingdom
528,Brier,Ruprecht,Agender,La Rochelle,France
529,Newton,D'Cruze,Genderqueer,Annecy,France
530,Tracie,Thorogood,Agender,Villeneuve-lès-Avignon,France
531,Auria,Dalston,Polygender,Ajaccio,France
532,Darice,Guilliatt,Male,Atlanta,United States
533,Morris,McQuie,Bigender,Amiens,France
534,Anatollo,Cauthra,Genderfluid,Montbéliard,France
535,Gwennie,Rolfo,Genderfluid,Lyon,France
536,Marcel,Flintiff,Genderfluid,Paris 11,France
537,Marlon,Harrington,Genderqueer,Seattle,United States
538,Lainey,Gellert,Non-binary,Toledo,United States
539,Monika,Crewes,Bigender,Rumilly,France
540,Eula,Baseley,Agender,Shreveport,United States
541,Pammi,Peasegood,Female,Tallahassee,United States
542,Inna,Derr,Polygender,Hannover,Germany
543,Leoine,Aymer,Genderqueer,Quimper,France
544,Evita,Pembry,Non-binary,London,United Kingdom
545,Reggie,Weetch,Non-binary,Moulins,France
546,Clarke,Mountney,Non-binary,Birmingham,United Kingdom
547,Shawna,Ewins,Agender,Saint-Étienne,France
548,Angeli,Sheirlaw,Polygender,Muskegon,United States
549,Buckie,Parton,Polygender,Glendale,United States
550,Jessa,Lilion,Agender,Miami,United States
551,Eberhard,Boullen,Agender,La Rochelle,France
552,Cesya,Lampard,Genderqueer,Rezé,France
553,Andeee,Stainer,Agender,Tacoma,United States
554,Kristen,Hurdiss,Female,Shawnee Mission,United States
555,Cointon,Smale,Polygender,Mobile,United States
556,Patrice,Mannock,Polygender,Duluth,United States
557,Kip,Rain,Male,Sutton,United Kingdom
558,Tish,Yacob,Female,Charenton-le-Pont,France
559,Briggs,Worlock,Polygender,Las Vegas,United States
560,Annnora,Jarry,Genderfluid,Columbia,United States
561,Irvin,Whitlow,Polygender,Paris 06,France
562,Ced,Fawthrop,Non-binary,Joliet,United States
563,Chaim,Dimitru,Non-binary,Cavaillon,France
564,Teena,Wynrehame,Agender,Jeffersonville,United States
565,Pia,Broadbere,Male,Fullerton,United States
566,Isidro,Cuffe,Non-binary,Orléans,France
567,Angelique,Bolus,Genderqueer,Coutances,France
568,Otho,Brant,Male,New York City,United States
569,Austin,Haydn,Genderfluid,San Antonio,United States
570,Fayette,Bishopp,Agender,Creil,France
571,Bord,Oswick,Polygender,Montbéliard,France
572,Francesco,Piotrowski,Bigender,Cincinnati,United States
573,Adelheid,Grisedale,Non-binary,Asheville,United States
574,Willa,Mumby,Non-binary,Denver,United States
575,Lin,Crowch,Genderfluid,Lyon,France
576,Jillana,Magenny,Genderqueer,Thorpe,United Kingdom
577,Chad,Chettle,Bigender,Saint-Étienne,France
578,Daryn,Meake,Agender,Los Angeles,United States
579,Adair,Girardy,Female,Memphis,United States
580,Rod,Rawlcliffe,Bigender,Seattle,United States
581,Farlay,Behrend,Polygender,Omaha,United States
582,Sheeree,Collishaw,Non-binary,Balma,France
583,Chas,De Cleen,Female,Pantin,France
584,Brewster,Jeffray,Genderqueer,Labège,France
585,Sena,Matysiak,Polygender,Avignon,France
586,Izaak,Cantu,Genderqueer,Bourg-en-Bresse,France
587,Danette,Semple,Male,Köln,Germany
588,Lauren,Bamford,Genderfluid,Schaumburg,United States
589,Akim,Grinin,Genderfluid,Charlotte,United States
590,Ottilie,Benfell,Bigender,Amiens,France
591,Cordy,Churchward,Male,Boston,United States
592,Ferrel,Coil,Genderqueer,Augsburg,Germany
593,Layne,Mattheus,Agender,Portland,United States
594,Luca,Ellor,Non-binary,Berlin,Germany
595,Cecelia,Perks,Genderfluid,Birmingham,United Kingdom
596,Gretta,Gradon,Male,Châlons-en-Champagne,France
597,Sibylle,Antonoczyk,Agender,Swindon,United Kingdom
598,Aindrea,Kerton,Male,Saint-Grégoire,France
599,Xena,Geipel,Genderqueer,Lakeland,United States
600,Jarrid,Illsley,Male,Guéret,France
601,Bari,O'Keefe,Bigender,Bronx,United States
602,Carline,Horrell,Non-binary,Atlanta,United States
603,Fiona,Pittaway,Non-binary,Charlotte,United States
604,Feliza,Loadwick,Agender,Naples,United States
605,Keen,Corkill,Genderqueer,Miribel,France
606,Woody,Sodory,Non-binary,Warren,United States
607,Kacy,Ellyatt,Genderqueer,Pau,France
608,Elisha,Regis,Agender,Grenoble,France
609,Kathi,Pochin,Female,Erie,United States
610,Rinaldo,Ditt,Genderfluid,Pasadena,United States
611,Yoko,Rake,Female,Kansas City,United States
612,Letti,Upward,Female,Juvisy-sur-Orge,France
613,Francis,Newport,Bigender,Pensacola,United States
614,Any,Chilley,Female,Saint-Gaudens,France
615,Teodora,Gaskin,Bigender,Washington,United States
616,Astrid,Clever,Genderqueer,Wuppertal,Germany
617,Amie,Ivel,Genderfluid,Paterson,United States
618,Duffie,Duffy,Female,Vancouver,United States
619,Amanda,Burg,Non-binary,Poitiers,France
620,Felicity,Kumar,Polygender,Hannover,Germany
621,Ivett,Backhurst,Genderqueer,Saint-Quentin-en-Yvelines,France
622,Ignacio,Artois,Female,Hannover,Germany
623,Terese,Rawsen,Agender,Bayeux,France
624,Sabine,Cooke,Polygender,Toulouse,France
625,Marinna,Putt,Polygender,Dammarie-les-Lys,France
626,Beilul,Hesse,Agender,Church End,United Kingdom
627,Tybalt,Luten,Genderqueer,Bagnolet,France
628,Rutter,Bier,Female,Vannes,France
629,Charlotte,Sprason,Polygender,Saint Louis,United States
630,Micheal,Schroeder,Agender,Nice,France
631,Rivi,Slate,Male,Heilbronn,Germany
632,Orton,Eliez,Genderfluid,Valdosta,United States
633,Ninette,Bullene,Polygender,Tampa,United States
634,Sadella,De Biaggi,Agender,Bobigny,France
635,Tresa,Sinclar,Genderfluid,Paris 11,France
636,Ferdinanda,MacGiolla,Non-binary,Minneapolis,United States
637,Pete,Marsden,Non-binary,Nürnberg,Germany
638,Trudey,Drinan,Non-binary,Arras,France
639,Burnard,Petche,Genderfluid,Arras,France
640,Bill,Lock,Non-binary,Berlin,Germany
641,Hyacinth,Sauvage,Genderfluid,Toulon,France
642,Hortense,Beards,Polygender,Guéret,France
643,Gregorius,Azam,Female,Phoenix,United States
644,Vito,Lanbertoni,Bigender,Wootton,United Kingdom
645,Joannes,Oscroft,Bigender,Roubaix,France
646,Kailey,Bechley,Male,Greensboro,United States
647,Morly,Lochhead,Non-binary,San Antonio,United States
648,Jozef,Aylesbury,Genderqueer,Lyon,France
649,Mile,Christy,Non-binary,Ancenis,France
650,Morrie,Wishart,Agender,Toulouse,France
651,Lucilia,Lovegrove,Non-binary,Preston,United Kingdom
652,Darwin,Borzone,Agender,Montpellier,France
653,Kayle,Devil,Genderqueer,Lexington,United States
654,Ambrose,Secret,Female,Paris 02,France
655,Marylee,Ianno,Female,Maromme,France
656,Moselle,Skipsea,Polygender,Fort Worth,United States
657,Hans,Tipling,Non-binary,Irving,United States
658,Wilone,Datte,Female,Sterling,United States
659,Tamiko,Lissimore,Genderfluid,Moret-sur-Loing,France
660,Edgardo,Moryson,Agender,Aurora,United States
661,Curry,Romushkin,Genderfluid,Tournon-sur-Rhône,France
662,Sarajane,Feld,Female,Tours,France
663,Jodee,Coalbran,Bigender,Saint-Denis,France
664,Donn,Harbison,Agender,Strasbourg,France
665,Nada,Beacham,Male,Independence,United States
666,Ilyssa,Martinello,Polygender,Fort Wayne,United States
667,Karly,Downes,Female,Boise,United States
668,Elyssa,Papps,Genderqueer,Longvic,France
669,Kendrick,Airlie,Genderfluid,Kingston,United Kingdom
670,Dinah,Chittleburgh,Agender,Boise,United States
671,Dulcine,Willcocks,Non-binary,Saint-Avertin,France
672,Vidovik,Cullin,Female,Blois,France
673,Nichols,Bowsher,Agender,Manosque,France
674,Devina,Soanes,Polygender,Paris 15,France
675,Edin,Rase,Female,Berlin,Germany
676,Goldia,McIndoe,Agender,Long Beach,United States
677,Moritz,Robson,Bigender,Santa Ana,United States
678,Inglis,Atcheson,Male,Landerneau,France
679,Alfy,Phoenix,Polygender,Marignane,France
680,Neda,Fury,Female,Lens,France
681,Katy,Haldon,Male,Paris 16,France
682,Janene,Dancer,Polygender,Aubenas,France
683,Jeth,Findlay,Female,Shreveport,United States
684,Idell,Koenen,Non-binary,Warren,United States
685,Filip,Lowrey,Genderqueer,Tacoma,United States
686,Grethel,Lamont,Genderqueer,Nanterre,France
687,Neddie,Luchetti,Female,Fresno,United States
688,Kendall,Robichon,Agender,Créteil,France
689,Judie,Polendine,Male,Épernay,France
690,Goldy,Ledram,Non-binary,Alexandria,United States
691,Dyana,Sargood,Female,Auray,France
692,Page,Iveagh,Genderqueer,Seattle,United States
693,Anallise,Blay,Genderqueer,Mesquite,United States
694,Kev,Orchard,Female,Asnières-sur-Seine,France
695,Bunny,Ensten,Genderqueer,Choisy-le-Roi,France
696,Donnajean,Noice,Polygender,Rungis,France
697,Polly,Coushe,Male,Brooklyn,United States
698,Aleksandr,Stanlack,Agender,La Ferté-Bernard,France
699,Bjorn,Skupinski,Polygender,Valence,France
700,Todd,Rubinchik,Non-binary,Cleveland,United States
701,Lissa,Morsley,Bigender,Hagerstown,United States
702,Amata,Hurdidge,Genderfluid,Boston,United States
703,Arlene,Falshaw,Polygender,Caluire-et-Cuire,France
704,Bing,Killiner,Agender,Roanoke,United States
705,Franny,Ounsworth,Polygender,Camden,United States
706,Thorsten,Goodinge,Bigender,Indianapolis,United States
707,Alanah,Aitkenhead,Agender,Saint Louis,United States
708,Chrissy,Willimot,Genderfluid,Saint-Laurent-du-Var,France
709,Sadella,Schroter,Genderqueer,Saint-Quentin-Fallavier,France
710,Errol,O'Hoey,Bigender,Harrisburg,United States
711,Tabbie,Shovelin,Female,Créteil,France
712,Katinka,Mc Caughan,Genderqueer,London,United Kingdom
713,Daphne,McTeague,Agender,Toledo,United States
714,Britteny,Edmonds,Non-binary,Phoenix,United States
715,Hashim,Minthorpe,Genderqueer,Toledo,United States
716,Clevie,Courson,Non-binary,Tallahassee,United States
717,Olga,Drakard,Polygender,Dijon,France
718,Calida,Burrage,Non-binary,Valdosta,United States
719,Vonny,Bristowe,Polygender,Minneapolis,United States
720,Chuck,Fareweather,Bigender,El Paso,United States
721,Celine,Gateley,Polygender,Cergy-Pontoise,France
722,Lil,Doumic,Bigender,Saverne,France
723,Palmer,Winwright,Non-binary,Oakland,United States
724,Rupert,Scrivener,Genderqueer,Colorado Springs,United States
725,Jazmin,Fortin,Polygender,Frankfort,United States
726,Morty,Aldrich,Bigender,Évreux,France
727,Dougy,Atkyns,Non-binary,Fort Worth,United States
728,Delmor,Curteis,Male,Le Mans,France
729,Maurise,Krale,Genderfluid,Washington,United States
730,Kimball,Yeandel,Genderfluid,Fort Wayne,United States
731,Wendall,Jeger,Genderfluid,Washington,United States
732,Sib,Greeson,Female,Chicago,United States
733,Philip,Sandlin,Female,Bellevue,United States
734,Allan,Dancer,Male,Scranton,United States
735,Brennen,Sinfield,Genderqueer,Staten Island,United States
736,Anne-corinne,Beare,Genderfluid,Lawrenceville,United States
737,Barrett,Pleaden,Genderfluid,Lynn,United States
738,Alonso,Wilsher,Polygender,Grand Rapids,United States
739,Amie,Leakner,Genderfluid,Laurel,United States
740,Doti,Larwell,Bigender,Newton,United States
741,Clarisse,Tomik,Polygender,Élancourt,France
742,Blaine,Baldin,Bigender,Savannah,United States
743,Tabbie,Marcroft,Female,Nancy,France
744,Selig,Boullin,Agender,Vallauris,France
745,Anderson,Bellingham,Agender,Springfield,United States
746,Kipp,Masdin,Male,Seattle,United States
747,Aggi,Edgley,Agender,Cincinnati,United States
748,Antoinette,Waith,Female,Denver,United States
749,Gordie,Darrigrand,Male,Carlton,United Kingdom
750,Chico,Mortell,Bigender,Vittel,France
751,Tansy,Hackworth,Genderfluid,Beaverton,United States
752,Rodolph,Giacobillo,Agender,Dayton,United States
753,Derron,Veldman,Male,Lyon,France
754,Jammie,Mongain,Agender,Orlando,United States
755,Urbano,Wisedale,Polygender,Virginia Beach,United States
756,Pryce,Moret,Polygender,Washington,United States
757,Jami,Bakeup,Female,Montgomery,United States
758,Aurlie,Chappelle,Non-binary,Washington,United States
759,Cornie,Younghusband,Bigender,Brooklyn,United States
760,Susan,Placide,Genderqueer,Nancy,France
761,Kary,Tilte,Male,Hamburg,Germany
762,Vilhelmina,Hulstrom,Agender,Le Havre,France
763,Jillayne,Breache,Non-binary,Amiens,France
764,Hyman,Dreher,Agender,Seattle,United States
765,Lanna,Schaumaker,Non-binary,Phoenix,United States
766,Meggy,Eakly,Bigender,Madison,United States
767,Sissie,Dingley,Polygender,Rodez,France
768,Guthry,Canelas,Polygender,Cergy-Pontoise,France
769,Alverta,Ricci,Agender,Cincinnati,United States
770,Gallard,Whittingham,Agender,Angers,France
771,Denny,Lowndes,Bigender,Nice,France
772,Agace,Ivic,Genderfluid,Reims,France
773,Cathy,Broscombe,Female,Orly,France
774,Dee dee,Ludy,Bigender,Trélazé,France
775,Madel,Picardo,Non-binary,Shawnee Mission,United States
776,Drud,Grote,Bigender,Wilmington,United States
777,Eugine,Itzchaki,Genderfluid,Louisville,United States
778,Brittany,MacKereth,Female,Kingersheim,France
779,Norbie,Girdwood,Female,Phoenix,United States
780,Julienne,O' Dooley,Female,Upton,United Kingdom
781,Silvanus,Measham,Polygender,Sacramento,United States
782,Shelby,Lurner,Non-binary,Saint-Quentin,France
783,Minnie,Reedick,Bigender,Washington,United States
784,Sunshine,Carek,Genderfluid,Rochester,United States
785,Leopold,Radin,Male,Amiens,France
786,Mitchel,Bowld,Male,Saint Louis,United States
787,Aldin,Yeudall,Polygender,Midland,United States
788,Vachel,Barnshaw,Bigender,San Angelo,United States
789,Rodina,Redwood,Female,Digne-les-Bains,France
790,Kynthia,Pearse,Polygender,Paris 13,France
791,Pierrette,Potter,Non-binary,Paris 13,France
792,Brennen,McCann,Male,Épinal,France
793,Lily,Fiorentino,Non-binary,Louisville,United States
794,Cori,Mithan,Polygender,Fort Pierce,United States
795,Tully,Kettel,Bigender,Toledo,United States
796,Padraig,Corns,Non-binary,Sochaux,France
797,Joshua,Attac,Non-binary,Strasbourg,France
798,Cheryl,O'Duilleain,Non-binary,Bezons,France
799,Louella,Redwing,Non-binary,New Orleans,United States
800,Rickey,Peepall,Non-binary,Miami,United States
801,Colman,Daburn,Genderqueer,Grand Forks,United States
802,Ab,Sreenan,Male,Paris 19,France
803,Donelle,Daintrey,Polygender,Strasbourg,France
804,Scotti,Ivins,Bigender,Montreuil,France
805,Aldous,Pablo,Female,Rennes,France
806,Jeniffer,De Antoni,Bigender,Pasadena,United States
807,Arda,Candlin,Polygender,Bastia,France
808,Conrado,Mcwhinnie,Female,Dresden,Germany
809,Josephina,Shoorbrooke,Bigender,Fort Worth,United States
810,Kelila,Dunbobin,Male,Forbach,France
811,Shea,Arling,Polygender,Roanoke,United States
812,Osmond,Pietruszewicz,Female,Port Saint Lucie,United States
813,Peggi,Loveland,Male,Paris 12,France
814,Krisha,McCreary,Agender,Dijon,France
815,Julianna,Surpliss,Male,Marseille,France
816,Jessica,Kuhnhardt,Genderfluid,Oakland,United States
817,Carmel,Veneur,Genderqueer,Tampa,United States
818,Mariam,Newtown,Agender,Oklahoma City,United States
819,Marney,Ulyat,Male,Le Mans,France
820,Aurie,Munnings,Female,Fort Worth,United States
821,Michail,Hertwell,Male,Berck,France
822,Adolphus,Baumler,Female,Mannheim,Germany
823,Whit,Shitliffe,Non-binary,Villeneuve-lès-Avignon,France
824,Trixie,Astill,Male,Young America,United States
825,Hagan,Sowman,Polygender,Valenciennes,France
826,Evangelia,Butson,Agender,Moret-sur-Loing,France
827,Robbert,Geldert,Male,Berlin,Germany
828,Ives,Disbury,Genderfluid,Houston,United States
829,Karoline,Rosekilly,Polygender,Neuilly-sur-Marne,France
830,Loren,Turpin,Male,Lincoln,United States
831,Wandie,Barrowcliffe,Genderfluid,Santa Fe,United States
832,Dede,Van der Mark,Male,Sparks,United States
833,Lyn,Espie,Bigender,Des Moines,United States
834,Chance,Sumbler,Male,Leipzig,Germany
835,Lucais,Massel,Non-binary,Juvisy-sur-Orge,France
836,Brewster,Barfitt,Genderfluid,Valenciennes,France
837,Kylynn,Prestedge,Genderqueer,Washington,United States
838,Cecilla,Diggar,Female,Annecy,France
839,Magdaia,Laflin,Genderqueer,Indianapolis,United States
840,Clarie,Caistor,Genderqueer,Lyon,France
841,Gerty,Carslaw,Agender,Normanton,United Kingdom
842,Ephraim,Ealam,Polygender,Nice,France
843,Rani,Calbert,Genderfluid,London,United Kingdom
844,Darbee,Benzing,Agender,Dunkerque,France
845,Betta,Werendell,Genderqueer,Clichy,France
846,Giselbert,Lafferty,Male,Nanterre,France
847,Skell,Santostefano.,Male,Evansville,United States
848,Gideon,Van Leeuwen,Polygender,Odessa,United States
849,Townsend,Rackham,Genderfluid,Denton,United States
850,Dore,Sehorsch,Genderfluid,Lille,France
851,Rene,Wallbrook,Non-binary,La Ravoire,France
852,Lynnea,Varley,Bigender,Cran-Gevrier,France
853,Albrecht,Lemmen,Female,Versailles,France
854,Hakeem,Roj,Agender,Guéret,France
855,Waverly,Arnaldo,Non-binary,Rochester,United States
856,Livvie,Belverstone,Genderqueer,Lille,France
857,Moria,Parkhouse,Agender,Glasgow,United Kingdom
858,Giuseppe,Sandhill,Non-binary,Marseille,France
859,Carry,Bullus,Male,Houston,United States
860,Brandise,Lanfranchi,Polygender,San Antonio,United States
861,Godwin,Lethardy,Agender,Evansville,United States
862,Bernadina,Shirt,Male,Vancouver,United States
863,Gardy,Vines,Bigender,Besançon,France
864,Hana,Pic,Male,San Jose,United States
865,Maitilde,Hambers,Male,La Roche-sur-Yon,France
866,Betteanne,Rearie,Polygender,Tyler,United States
867,Salli,Sazio,Genderqueer,Blagnac,France
868,Therine,Leddie,Genderfluid,Besançon,France
869,Erminia,Cheesley,Bigender,Houston,United States
870,Gussy,Lyttle,Agender,Sparks,United States
871,Linell,Rentz,Polygender,La Roche-sur-Yon,France
872,Elyn,Bloodworthe,Male,Taverny,France
873,Caren,Yurin,Male,Toulouse,France
874,Cherri,Solon,Bigender,Paris 20,France
875,Laina,Cookney,Genderqueer,Reims,France
876,Hailee,Pedgrift,Genderfluid,Pinellas Park,United States
877,Adam,Lindblad,Bigender,Fresno,United States
878,Merrill,Hinks,Agender,Belfast,United Kingdom
879,Janella,Benzie,Male,Fleury-les-Aubrais,France
880,Jacky,Tearny,Agender,Columbus,United States
881,Rob,Amsden,Bigender,Gaillac,France
882,Katine,Stump,Bigender,Waco,United States
883,Jacquie,Fausch,Genderfluid,Saint-Marcellin,France
884,Clark,Steventon,Bigender,Omaha,United States
885,Tod,Rumin,Agender,Saint-Marcellin,France
886,Cleon,Barmadier,Genderqueer,Sacramento,United States
887,Jedidiah,Kirkbright,Genderqueer,Guyancourt,France
888,Alyss,Sherme,Female,Detroit,United States
889,Eveleen,Syncke,Female,Nanterre,France
890,Ortensia,Orpen,Genderfluid,Pensacola,United States
891,Buckie,Craise,Polygender,Goussainville,France
892,Verine,Chitty,Agender,Durham,United States
893,Zechariah,Doveston,Female,Düsseldorf,Germany
894,Marlee,Sidsaff,Genderfluid,Crépy-en-Valois,France
895,Valene,Lacase,Female,Rungis,France
896,Jerrine,Sammars,Genderfluid,Metz,France
897,Whitney,Hazlehurst,Female,Las Vegas,United States
898,Seka,Kahn,Female,Le Chambon-Feugerolles,France
899,Newton,Albrook,Non-binary,El Paso,United States
900,Marlie,Rouby,Bigender,Fosses,France
901,Mattias,Crowth,Polygender,Charleston,United States
902,Bella,Spacey,Bigender,Oklahoma City,United States
903,Betsey,Inglesant,Male,Paris 02,France
904,Bonnie,Ladon,Genderfluid,Nîmes,France
905,Ginger,Hector,Genderfluid,Reno,United States
906,Celestia,Pietranek,Agender,Scottsdale,United States
907,Jacklin,Wilcinskis,Polygender,New York City,United States
908,Gwenette,Bethel,Agender,Cottbus,Germany
909,Susette,Flintoff,Genderqueer,Villefranche-sur-Mer,France
910,Gavin,Galia,Agender,New Bedford,United States
911,Daisy,Gradwell,Non-binary,Laval,France
912,Aleen,Cranna,Male,Seattle,United States
913,Hanson,Hospital,Non-binary,Saint-Brieuc,France
914,Drucie,Waylen,Agender,Bondy,France
915,Cassey,Leavey,Non-binary,Vancouver,United States
916,Rodrigo,Campana,Agender,Dijon,France
917,Kessiah,Sullens,Non-binary,Tampa,United States
918,Michale,Aguirre,Genderqueer,San Diego,United States
919,Antonie,Jancy,Female,Maubeuge,France
920,Paulita,Fifield,Genderfluid,Frankfort,United States
921,Norine,Heale,Bigender,Lattes,France
922,Dorothy,Daftor,Agender,Marseille,France
923,Alfi,Frye,Non-binary,Zephyrhills,United States
924,Ezra,Inman,Non-binary,Bagneux,France
925,Dotti,Hiddersley,Agender,New York City,United States
926,Coralyn,Samet,Female,Chambéry,France
927,Ashley,Clemmen,Agender,Juvisy-sur-Orge,France
928,Ernaline,Joerning,Genderqueer,Verdun,France
929,Edlin,Shepland,Bigender,Cahors,France
930,Barb,Glyssanne,Genderfluid,Saint-Quentin-en-Yvelines,France
931,Katie,Doddemeede,Genderqueer,Milwaukee,United States
932,Roch,Gosforth,Bigender,Nîmes,France
933,Wilona,Grimsdith,Genderqueer,Périgny,France
934,Joela,Leverette,Female,Rungis,France
935,Minnnie,Sanja,Agender,Poitiers,France
936,Issiah,Patrono,Non-binary,Nevers,France
937,Renelle,Beachamp,Female,Rennes,France
938,Ragnar,Sheward,Agender,Reims,France
939,Cicily,Griffe,Genderfluid,Bourg-en-Bresse,France
940,Lillis,Vere,Bigender,Corona,United States
941,Ariela,Rolingson,Genderqueer,Boca Raton,United States
942,Maison,Ambler,Bigender,Paris 14,France
943,Kalil,Pontin,Female,Richmond,United States
944,Grace,Rivalland,Bigender,Des Moines,United States
945,Susan,Palphreyman,Genderfluid,Mirecourt,France
946,Miguel,Niblett,Non-binary,Memphis,United States
947,Timothy,Aiers,Male,Orsay,France
948,Davin,Wardale,Bigender,Norfolk,United States
949,Coop,Muckle,Male,Roissy Charles-de-Gaulle,France
950,Marilyn,Naris,Agender,Bordeaux,France
951,Philippa,Matus,Genderqueer,Dallas,United States
952,Katherina,Hanhard,Polygender,New York City,United States
953,Rossy,Gamwell,Genderqueer,Vénissieux,France
954,Kristel,Lewsam,Bigender,Mende,France
955,Clemence,Hughf,Genderqueer,Sacramento,United States
956,Tammie,Wainwright,Genderqueer,Dortmund,Germany
957,Holly,Libbey,Bigender,La Rochelle,France
958,Mart,Gerleit,Bigender,La Rochelle,France
959,Darell,Reinger,Male,Silver Spring,United States
960,Brina,Wilkinson,Agender,Paris 20,France
961,Shoshanna,Croyser,Non-binary,Saint-Maurice,France
962,Christoper,Geydon,Male,Alençon,France
963,Ardella,Garrettson,Agender,Les Sables-d'Olonne,France
964,Gavra,Pedrozzi,Agender,Albi,France
965,Fernande,Broadist,Polygender,Chambéry,France
966,Duane,Rhoades,Agender,Tulsa,United States
967,Hollis,Craddock,Agender,Hamburg,Germany
968,Serene,Warbeys,Polygender,Billère,France
969,Clayton,Curreen,Bigender,Bobigny,France
970,Hillard,Sharpley,Bigender,Tacoma,United States
971,Winny,Lillecrop,Female,Wilkes Barre,United States
972,Basia,Wallas,Non-binary,Chalon-sur-Saône,France
973,Georgine,Blinerman,Polygender,La Ferté-Bernard,France
974,Lucie,Rumsey,Agender,Orange,France
975,Pierette,Ion,Genderqueer,Privas,France
976,Lexi,Croutear,Polygender,Thouars,France
977,Fae,Braybrook,Male,Flers,France
978,Flora,Agates,Male,Le Havre,France
979,Bradford,Boyes,Genderfluid,Saint-Étienne,France
980,Cordy,Swindall,Polygender,Villejuif,France
981,Cherrita,Scotchbrook,Polygender,Sutton,United Kingdom
982,Lina,Penright,Genderfluid,Paris 02,France
983,Billi,Grigorey,Genderfluid,Marseille,France
984,Milt,Clarabut,Polygender,Le Perreux-sur-Marne,France
985,Nomi,Ugo,Bigender,Pau,France
986,Lancelot,Crumly,Agender,Oceanside,United States
987,Ann,Haller,Genderqueer,Rungis,France
988,Klara,Basillon,Agender,Chilly-Mazarin,France
989,Nora,Conaboy,Bigender,Berlin,Germany
990,Petey,Moorfield,Polygender,Paris 12,France
991,Delora,Blockwell,Genderfluid,Sarlat-la-Canéda,France
992,Robbie,Mary,Genderfluid,Hanau,Germany
993,Stesha,Strickler,Non-binary,Warren,United States
994,Karalee,Pettegre,Male,Walton,United Kingdom
995,Annemarie,Kaasmann,Genderqueer,Wirral,United Kingdom
996,Jada,Housam,Non-binary,Paris 15,France
997,Mordecai,Draude,Genderqueer,Warren,United States
998,Consuelo,Exposito,Genderqueer,Humble,United States
999,Diana,Fritschel,Female,Lille,France
1000,Betteann,Parchment,Genderfluid,Carquefou,France
